Description,Price,Rating,ReviewCount,Url
"TECLAST F5 2 in 1 Touchscreen Laptop,360° Convertible 11.6 "" 1920x1080P FHD IPS Notebook 8GB RAM 256GB SSD ROM 10 Point Touch Intel Quad Core CPU Windows 10 M.2 2242 (Max 1TB),TF Slot, Type-C",$369.99,3.7 out of 5 stars,62,https://www.amazon.com/gp/slredirect/picassoRedirect.html/ref=pa_sp_atf_aps_sr_pg1_1?ie=UTF8&adId=A093364227GMYEN3RXC8G&url=%2FTECLAST-F5-Touchscreen-Convertible-1920x1080P%2Fdp%2FB083BM815K%2Fref%3Dsr_1_1_sspa%3Fdchild%3D1%26keywords%3Dlaptop%2B8gb%26qid%3D1607273220%26sr%3D8-1-spons%26psc%3D1&qualifier=1607273220&id=5446002291691898&widgetName=sp_atf
"CHUWI CoreBook Pro 13"" Laptop with Intel Core i3 Processor 8GB RAM 256GB SSD 2160x1440 Pixels IPS Display, Backlit Keyboard, AC Wi-Fi, BT4.2 Type-C, Stereo Speakers, Windows 10 Notebook Light and Thin",$439.00,4.0 out of 5 stars,6,https://www.amazon.com/gp/slredirect/picassoRedirect.html/ref=pa_sp_atf_aps_sr_pg1_1?ie=UTF8&adId=A0080002SCQA3CGVACON&url=%2FCHUWI-CoreBook-Pro-Processor-2160x1440%2Fdp%2FB08MW1QKVM%2Fref%3Dsr_1_2_sspa%3Fdchild%3D1%26keywords%3Dlaptop%2B8gb%26qid%3D1607273220%26sr%3D8-2-spons%26psc%3D1&qualifier=1607273220&id=5446002291691898&widgetName=sp_atf
"Lenovo IdeaPad 3 14"" Laptop, 14.0"" FHD 1920 x 1080 Display, AMD Ryzen 5 3500U Processor, 8GB DDR4 RAM, 256GB SSD, AMD Radeon Vega 8 Graphics, Narrow Bezel, Windows 10, 81W0003QUS, Abyss Blue",$499.00,4.5 out of 5 stars,"1,435",https://www.amazon.com/Lenovo-IdeaPad-Processor-Graphics-81W0003QUS/dp/B0862269YP/ref=sr_1_3?dchild=1&keywords=laptop+8gb&qid=1607273220&sr=8-3
"Acer Aspire 5 Slim Laptop, 15.6 inches Full HD IPS Display, AMD Ryzen 3 3200U, Vega 3 Graphics, 4GB DDR4, 128GB SSD, Backlit Keyboard, Windows 10 in S Mode, A515-43-R19L, Silver",$479.00,4.6 out of 5 stars,"18,313",https://www.amazon.com/Acer-Display-Graphics-Keyboard-A515-43-R19L/dp/B07RF1XD36/ref=sr_1_4?dchild=1&keywords=laptop+8gb&qid=1607273220&sr=8-4
"Jumper Laptop Computers 13.3 Inch 8GB RAM 256GB ROM Quad Core Celeron, Windows 10 Thin and Light Laptop, Full HD 1080P Display, Support 256GB TF Cardand 1TB SSD Expansion",$349.99,4.4 out of 5 stars,426,https://www.amazon.com/Computers-Celeron-Windows-Display-Expansion/dp/B08LD9HCK9/ref=sr_1_5?dchild=1&keywords=laptop+8gb&qid=1607273220&sr=8-5
"HP 14"" Touchscreen Home and Business Laptop Ryzen 3-3200U, 8GB RAM, 128GB M.2 SSD, Dual-Core up to 3.50 GHz, Vega 3 Graphics, RJ-45, USB-C, 4K Output HDMI, Bluetooth, Webcam, 1366x768, Win 10",$514.90,4.5 out of 5 stars,957,https://www.amazon.com/HP-Touchscreen-Business-Dual-Core-Bluetooth/dp/B081D9HJ4P/ref=sr_1_6?dchild=1&keywords=laptop+8gb&qid=1607273220&sr=8-6
"Mini PC Intel Celeron N3060(up to 2.48GHz) Windows 10 Mini Computer, 4GB DDR3/64GB eMMC, HDMI/VGA Port, Support M.2_2280 SATA SSD, 4K HD, Gigabit Ethernet, 2.4G/5.8G Dual WiFi, BT4.2",$119.00,4.1 out of 5 stars,235,https://www.amazon.com/gp/slredirect/picassoRedirect.html/ref=pa_sp_mtf_aps_sr_pg1_1?ie=UTF8&adId=A10266353EX0JCFLILFL7&url=%2FCeleron-2-48GHz-Computer-M-2-2280-Ethernet%2Fdp%2FB07ZYCZJVQ%2Fref%3Dsr_1_7_sspa%3Fdchild%3D1%26keywords%3Dlaptop%2B8gb%26qid%3D1607273220%26sr%3D8-7-spons%26psc%3D1&qualifier=1607273220&id=5446002291691898&widgetName=sp_mtf
"2020 Newest Lenovo IdeaPad 3 15"" HD Touch Screen Laptop, Intel 10th Gen Dual-Core i3-1005G1 CPU, 8GB DDR4 RAM, 256GB PCI-e SSD, Webcam, WiFi 5, Bluetooth, Windows 10 S - Almond",$458.00,4.6 out of 5 stars,156,https://www.amazon.com/Lenovo-IdeaPad-Dual-Core-i3-1005G1-Bluetooth/dp/B08F41S84R/ref=sr_1_8?dchild=1&keywords=laptop+8gb&qid=1607273220&sr=8-8
"Acer Aspire 5 A515-55-56VK, 15.6"" Full HD IPS Display, 10th Gen Intel Core i5-1035G1, 8GB DDR4, 256GB NVMe SSD, WiFi 6, HD Webcam, Fingerprint Reader, Backlit Keyboard, Windows 10 Home",$639.00,4.6 out of 5 stars,366,https://www.amazon.com/Acer-A515-55-56VK-i5-1035G1-Fingerprint-Keyboard/dp/B087RTV311/ref=sr_1_9?dchild=1&keywords=laptop+8gb&qid=1607273220&sr=8-9
"HP 2019 14"" Laptop - Intel Core i3 - 8GB Memory - 128GB Solid State Drive - Ash Silver Keyboard Frame (14-CF0014DX)",$485.00,4.4 out of 5 stars,"1,314",https://www.amazon.com/HP-2019-14-Laptop-14-CF0014DX/dp/B07KNLVRJ2/ref=sr_1_10?dchild=1&keywords=laptop+8gb&qid=1607273220&sr=8-10
"HP 14"" Core i3 1005G1 Up to 3.4GHz 8GB 256GB SSD 1080P 14-dq1043cl Backlit Keyboard",$476.57,4.6 out of 5 stars,55,https://www.amazon.com/HP-1005G1-14-dq1043cl-Backlit-Keyboard/dp/B08C7P19CG/ref=sr_1_11?dchild=1&keywords=laptop+8gb&qid=1607273220&sr=8-11
"Adjustable Laptop Stand, Aloptis Laptop Riser with Seven Viewing Angles, Computer Stand for Laptop, Aluminum Foldable Laptop Stand for Desk, Compatible with 10-15.6"" Laptops and Notebooks",$15.85,,,https://www.amazon.com/gp/slredirect/picassoRedirect.html/ref=pa_sp_mtf_aps_sr_pg1_1?ie=UTF8&adId=A04369692Z7W6IYDZI6II&url=%2FAdjustable-Aloptis-Computer-Compatible-Notebooks%2Fdp%2FB08KKV3DXT%2Fref%3Dsr_1_12_sspa%3Fdchild%3D1%26keywords%3Dlaptop%2B8gb%26qid%3D1607273220%26sr%3D8-12-spons%26psc%3D1&qualifier=1607273220&id=5446002291691898&widgetName=sp_mtf
"HP 14-inch Touchscreen Laptop, AMD Ryzen 3-3200U up to 3.5GHz, 8GB DDR4, 256GB SSD, Bluetooth, USB 3.1 Type-C, Webcam, WiFi, HDMI, Windows 10 Home",$504.95,4.5 out of 5 stars,395,https://www.amazon.com/HP-14-inch-Touchscreen-3-3200U-Bluetooth/dp/B081TWCG7C/ref=sr_1_13?dchild=1&keywords=laptop+8gb&qid=1607273220&sr=8-13
HP Laptop 14 Laptop AMD Ryzen 3 8GB RAM 256GB SSD 14-dk0736ms,$558.00,4.5 out of 5 stars,95,https://www.amazon.com/HP-Laptop-Ryzen-256GB-14-dk0736ms/dp/B086VZ7SWP/ref=sr_1_14?dchild=1&keywords=laptop+8gb&qid=1607273220&sr=8-14
"CHUWI AeroBook Pro 13.3 inch 8th Intel Core M3-8100Y 8GB RAM 256GB SSD Laptop,Windows 10 Notebook,Thin and Lightweight Notebook with Backlit Keyboard Type-C",$449.99,4.0 out of 5 stars,53,https://www.amazon.com/CHUWI-AeroBook-Pro-M3-8100Y-Lightweight/dp/B08CDK1N5Q/ref=sr_1_16?dchild=1&keywords=laptop+8gb&qid=1607273220&sr=8-16
Laptop 15.6 inch Notebook 8GB RAM 128GB SSD YELLYOUTH Full HD 1920 x 1080 Intel CPU Quad Core Computer with WiFi HDMI Windows 10 Notebook Silver,$329.99,3.6 out of 5 stars,233,https://www.amazon.com/gp/slredirect/picassoRedirect.html/ref=pa_sp_mtf_aps_sr_pg1_1?ie=UTF8&adId=A049147537P1A051UKVG4&url=%2FLaptop-Notebook-YELLYOUTH-Computer-Windows%2Fdp%2FB089H2FYN9%2Fref%3Dsr_1_17_sspa%3Fdchild%3D1%26keywords%3Dlaptop%2B8gb%26qid%3D1607273220%26sr%3D8-17-spons%26psc%3D1&qualifier=1607273220&id=5446002291691898&widgetName=sp_mtf
"CHUWI HeroBook Pro 14.1 inch Windows 10 Laptop Computer, 8G RAM / 256GB SSD with Intel Gmini Lake N4000 Notebook, Thin and Light",$339.00,4.0 out of 5 stars,416,https://www.amazon.com/CHUWI-HeroBook-Pro-Notebook-Lightweight/dp/B08316YSKH/ref=sr_1_18?dchild=1&keywords=laptop+8gb&qid=1607273220&sr=8-18
"Panasonic Toughbook CF-19, MK6, 10.1"" Multi Touchscreen + Digitizer, Rugged Laptop Convertible Tablet, Intel Core i5 @2.60GHz, 8GB, 128GB SSD, Windows 10 Pro, GPS, Fingerprint Reader (Renewed)",$499.90,3.8 out of 5 stars,4,https://www.amazon.com/gp/slredirect/picassoRedirect.html/ref=pa_sp_btf_aps_sr_pg1_1?ie=UTF8&adId=A0076079LBBF75SY7EQJ&url=%2FPanasonic-Toughbook-Touchscreen-Convertible-Fingerprint%2Fdp%2FB08JVHHTJ6%2Fref%3Dsr_1_22_sspa%3Fdchild%3D1%26keywords%3Dlaptop%2B8gb%26qid%3D1607273220%26sr%3D8-22-spons%26psc%3D1&qualifier=1607273220&id=5446002291691898&widgetName=sp_btf
"BOCCONI Ultra-Thin Laptop，12.5 inch IPS Display HD 2560x 1440， Intel Gemini Lake N4100 8GB RAM 256 GB SSD，Windows 10 Notebook Laptop, USB 3.0, HDMI, with Fingerprint Keyboard Light",$334.99,3.9 out of 5 stars,10,https://www.amazon.com/gp/slredirect/picassoRedirect.html/ref=pa_sp_atf_next_aps_sr_pg2_1?ie=UTF8&adId=A05946461C3WW887GY5LJ&url=%2FUltra-Thin-Laptop%25EF%25BC%258C12-5-SSD%25EF%25BC%258CWindows-Notebook-Fingerprint%2Fdp%2FB08B16YVS6%2Fref%3Dsr_1_17_sspa%3Fdchild%3D1%26keywords%3Dlaptop%2B8gb%26qid%3D1607273237%26sr%3D8-17-spons%26psc%3D1&qualifier=1607273237&id=6093033113580757&widgetName=sp_atf_next
"iProda Laptop, 14.1 Inch Notebook (Intel Core i3-6157U 2.4GHz, 8GB RAM, 256GB SSD, Windows 10 Professional) with 1080P FHD Display, Lightweight, Best for Work at Home",$379.98,3.1 out of 5 stars,6,https://www.amazon.com/gp/slredirect/picassoRedirect.html/ref=pa_sp_atf_next_aps_sr_pg2_1?ie=UTF8&adId=A084287534FM1YA53VMKM&url=%2FiProda-14-1-Notebook-Professional-Lightweight%2Fdp%2FB08B8TYWPZ%2Fref%3Dsr_1_18_sspa%3Fdchild%3D1%26keywords%3Dlaptop%2B8gb%26qid%3D1607273237%26sr%3D8-18-spons%26psc%3D1&qualifier=1607273237&id=6093033113580757&widgetName=sp_atf_next
Laptop 15.6 inch Notebook 8GB RAM 128GB SSD YELLYOUTH Full HD 1920 x 1080 Intel CPU Quad Core Computer with WiFi HDMI Windows 10 Notebook Silver,$329.99,3.6 out of 5 stars,233,https://www.amazon.com/Laptop-Notebook-YELLYOUTH-Computer-Windows/dp/B089H2FYN9/ref=sr_1_19?dchild=1&keywords=laptop+8gb&qid=1607273237&sr=8-19
"ASUS VivoBook S15 S532 Thin & Light Laptop, 15.6” FHD, Intel Core i5-10210U CPU, 8GB DDR4 RAM, 512GB PCIe SSD, Windows 10 Home, IR Camera, S532FA-DH55-GN, Moss Green-Metal",$772.99,4.5 out of 5 stars,114,https://www.amazon.com/ASUS-VivoBook-i5-10210U-S532FA-DH55-GN-Green-Metal/dp/B0812RCBHP/ref=sr_1_20?dchild=1&keywords=laptop+8gb&qid=1607273237&sr=8-20
"EVOO 14.1” Ultra Slim Notebook - Elite Series, FHD Display, AMD Ryzen 5 3500U Processor with Radeon Vega 8 Graphics, 8GB RAM, 256GB SSD, HD Webcam, Windows 10 Home, Black",$599.99,5.0 out of 5 stars,4,https://www.amazon.com/EVOO-14-1-Ultra-Slim-Notebook/dp/B08KTVSD4V/ref=sr_1_21?dchild=1&keywords=laptop+8gb&qid=1607273237&sr=8-21
"ASUS F512JA-AS34 VivoBook 15 Thin and Light Laptop, 15.6” FHD Display, Intel i3-1005G1 CPU, 8GB RAM, 128GB SSD, Backlit Keyboard, Fingerprint, Windows 10 Home in S Mode, Slate Gray",$485.00,4.5 out of 5 stars,"3,374",https://www.amazon.com/ASUS-F512JA-AS34-VivoBook-i3-1005G1-Fingerprint/dp/B0869L1326/ref=sr_1_22?dchild=1&keywords=laptop+8gb&qid=1607273237&sr=8-22
"New HP 15.6"" HD Touchscreen Laptop Intel Core i3-1005G1 8GB DDR4 RAM 128GB SSD HDMI Bluetooth 802.11/b/g/n/ac Windows 10 15-dy1731ms Silver",$529.00,4.6 out of 5 stars,819,https://www.amazon.com/HP-Touchscreen-i3-1005G1-Bluetooth-15-dy1731ms/dp/B082358X13/ref=sr_1_23?dchild=1&keywords=laptop+8gb&qid=1607273237&sr=8-23
"HP Pavilion x360 14"" FHD WLED Touchscreen 2-in-1 Convertible Laptop, Intel Quad-Core i5-8250U 1.60GHz up to 3.4GHz, 8GB DDR4, 256GB SSD, WiFi, Bluetooth, Webcam, HDMI, Fingerprint Reader, Windows 10",$664.90,4.4 out of 5 stars,164,https://www.amazon.com/HP-x360-Touchscreen-Convertible-Fingerprint/dp/B07VVJGFWV/ref=sr_1_25?dchild=1&keywords=laptop+8gb&qid=1607273237&sr=8-25
"HP 14"" Touchscreen Laptop 8GB RAM, 128GB SSD, 8th Gen i3 HD Business Notebook, Dual-Core up to 3.90 GHZ Processor, USB Type-C, 1366x768, UHD 620 Graphic, HDMI, Bluetooth, Webcam, Energy Star, Win 10",$494.00,4.3 out of 5 stars,182,https://www.amazon.com/HP-Touchscreen-Dual-Core-Processor-Bluetooth/dp/B07XV8BWWK/ref=sr_1_26?dchild=1&keywords=laptop+8gb&qid=1607273237&sr=8-26
"GPD MicroPC, 6-inch Handheld Industry Laptop Windows 10 Pro 8GB RAM/128GB ROM Portable PC Apply to Communication, Electric Power, Exploration, Mining, Archaeology, Business Services",$484.95,4.5 out of 5 stars,28,https://www.amazon.com/gp/slredirect/picassoRedirect.html/ref=pa_sp_mtf_aps_sr_pg2_1?ie=UTF8&adId=A01186683VCVK6PMQNPMF&url=%2FHandheld-Industry-Communication-Exploration-Archaeology%2Fdp%2FB07SWVZ9MB%2Fref%3Dsr_1_27_sspa%3Fdchild%3D1%26keywords%3Dlaptop%2B8gb%26qid%3D1607273237%26sr%3D8-27-spons%26psc%3D1&qualifier=1607273237&id=6093033113580757&widgetName=sp_mtf
"SAMSUNG XE350XBA-K01US Chromebook 4 + Chrome OS 15.6"" Full HD Intel Celeron Processor N4000 4GB RAM 32Gb Emmc Gigabit Wi-Fi, Silver",$292.31,4.4 out of 5 stars,"1,603",https://www.amazon.com/gp/slredirect/picassoRedirect.html/ref=pa_sp_mtf_aps_sr_pg2_1?ie=UTF8&adId=A08889942801XSPKOFO1T&url=%2FSamsung-Chromebook-Processor-32Gb-Emmc-XE350XBA-K01US%2Fdp%2FB07XW266D9%2Fref%3Dsr_1_28_sspa%3Fdchild%3D1%26keywords%3Dlaptop%2B8gb%26qid%3D1607273237%26sr%3D8-28-spons%26psc%3D1&qualifier=1607273237&id=6093033113580757&widgetName=sp_mtf
"HP Elitebook 840 G1 14.0 Inch High Performanc Laptop Computer, Intel i5 4300U up to 2.9GHz, 16GB Memory, 256GB SSD, USB 3.0, Bluetooth, Window 10 Professional (Renewed)",$440.99,4.0 out of 5 stars,458,https://www.amazon.com/HP-840-G1-Professional-Refurbished/dp/B07C1HV2V1/ref=sr_1_30?dchild=1&keywords=laptop+8gb&qid=1607273237&sr=8-30
"HP 2018 Elitebook 840 G1 14inch HD LED-backlit anti-glare Laptop Computer, Intel Dual-Core i5-4300U up to 2.9GHz, 8GB RAM, 500GB HDD, USB 3.0, Bluetooth, Window 10 Professional (Renewed)",$390.00,4.0 out of 5 stars,715,https://www.amazon.com/HP-Elitebook-840-G1-LED-Backlit/dp/B07CSQDR4N/ref=sr_1_31?dchild=1&keywords=laptop+8gb&qid=1607273237&sr=8-31
"Dell Inspiron 15.6-inch HD Display Laptop PC, Intel Core i3-7130U 2.7GHz Processor, 8GB DDR4, 128GB SSD, Stereo Speakers, WiFi, Bluetooth, MaxxAudio, HDMI, No DVD, Intel HD Graphics 620, Windows 10",$572.88,4.3 out of 5 stars,76,https://www.amazon.com/Dell-Inspiron-15-6-inch-Processor-Bluetooth/dp/B07H9L93KW/ref=sr_1_32?dchild=1&keywords=laptop+8gb&qid=1607273237&sr=8-32
"ASUS F512DA-EB51 VivoBook 15 Thin And Light Laptop, 15.6” Full HD, AMD Quad Core R5-3500U CPU, 8GB DDR4 RAM, 256GB PCIe SSD, AMD Radeon Vega 8 Graphics, Windows 10 Home,Slate Gray",$578.00,4.5 out of 5 stars,"1,583",https://www.amazon.com/ASUS-VivoBook-R5-3500U-Graphics-F512DA-EB51/dp/B07QQB7552/ref=sr_1_33?dchild=1&keywords=laptop+8gb&qid=1607273237&sr=8-33
"2020 Dell G3 15.6"" Full HD 1080p Gaming Laptop PC, Intel Core i5-10300H Quad-Core Processor, 8GB DDR4 RAM, 256GB SSD, NVIDIA GeForce GTX 1650 4GB, Backlit Keyboard, HDMI, 3D Audio, Windows 10, Black",$759.00,,,https://www.amazon.com/Dell-i5-10300H-Quad-Core-Processor-Keyboard/dp/B08NFFSRXL/ref=sr_1_34?dchild=1&keywords=laptop+8gb&qid=1607273237&sr=8-34
"2019 Newest Lenovo Ideapad 330S 15.6” HD Narrow-bezels Widescreen Laptop, Intel Core i3-8130U Processor up to 3.40GHz, 8GB RAM, 256GB Solid State Drive, HDMI, Wireless-AC, Bluetooth, Windows 10, Blue",$539.99,4.5 out of 5 stars,224,https://www.amazon.com/Lenovo-Ideapad-Narrow-bezels-Widescreen-Wireless-AC/dp/B07ZMQVQHG/ref=sr_1_35?dchild=1&keywords=laptop+8gb&qid=1607273237&sr=8-35
"Asus X512DA-BTS2020RL 15.6"" Full HD Laptop – AMD Ryzen 5 - AMD Radeon Vega 8 - 512GB PCIe SSD – 8GB RAM",$550.00,4.7 out of 5 stars,18,https://www.amazon.com/Asus-X512DA-BTS2020RL-15-6-Full-Laptop/dp/B08G8SJZ2R/ref=sr_1_36?dchild=1&keywords=laptop+8gb&qid=1607273237&sr=8-36
"Lenovo Chromebook S330 Laptop, 14-Inch FHD (1920 x 1080) Display, MediaTek MT8173C Processor, 4GB LPDDR3, 64GB eMMC, Chrome OS, 81JW0000US, Business Black",$279.99,4.3 out of 5 stars,"1,365",https://www.amazon.com/gp/slredirect/picassoRedirect.html/ref=pa_sp_btf_aps_sr_pg2_1?ie=UTF8&adId=A02462043Y29RA0LA3E3&url=%2FLenovo-Chromebook-MediaTek-Processor-81JW0000US%2Fdp%2FB07GLV1VC7%2Fref%3Dsr_1_37_sspa%3Fdchild%3D1%26keywords%3Dlaptop%2B8gb%26qid%3D1607273237%26sr%3D8-37-spons%26psc%3D1&qualifier=1607273237&id=6093033113580757&widgetName=sp_btf
"2020 15.6 inch Laptop, IPS Display, Intel 64-bit Quad-core celeron_j3455 Processor, 6GB RAM, 256GB SSD, scalable 1TB SSD Solid State Drive, 10000mAh high Battery Life, Windows 10 Pro",$368.00,3.1 out of 5 stars,14,https://www.amazon.com/gp/slredirect/picassoRedirect.html/ref=pa_sp_btf_aps_sr_pg2_1?ie=UTF8&adId=A0893920GCWKVV1RBH6Z&url=%2FQuad-core-celeron_j4115-Processor-scalable-10000mAh%2Fdp%2FB08GY11KYR%2Fref%3Dsr_1_38_sspa%3Fdchild%3D1%26keywords%3Dlaptop%2B8gb%26qid%3D1607273237%26sr%3D8-38-spons%26psc%3D1&qualifier=1607273237&id=6093033113580757&widgetName=sp_btf
"2020 Lenovo IdeaPad S340 Laptop, 15.6"" FHD (1920 x 1080) Touchscreen, Intel 10th Gen Core i3-1005G1, 8GB RAM, 256GB 2242 SSD, Windows 10 (Renewed)",$529.00,4.7 out of 5 stars,7,https://www.amazon.com/gp/slredirect/picassoRedirect.html/ref=pa_sp_atf_next_aps_sr_pg4_1?ie=UTF8&adId=A0223842F94I2BEQ1B6J&url=%2FLenovo-IdeaPad-S340-Touchscreen-i3-1005G1%2Fdp%2FB08D8KY3QS%2Fref%3Dsr_1_49_sspa%3Fdchild%3D1%26keywords%3Dlaptop%2B8gb%26qid%3D1607273254%26sr%3D8-49-spons%26psc%3D1&qualifier=1607273254&id=4875104117193096&widgetName=sp_atf_next
LEVEN Lares 8GB DDR4-2400MHz PC4-19200 260-Pin SO-DIMM CL17 Laptop Notebook RAM Memory Module (JR4SL2400172408-8M),$22.99,,,https://www.amazon.com/gp/slredirect/picassoRedirect.html/ref=pa_sp_atf_next_aps_sr_pg4_1?ie=UTF8&adId=A10227882SQF4K0IF0E1D&url=%2FLEVEN-DDR4-2400MHz-PC4-19200-Notebook-JR4SL2400172408-8M%2Fdp%2FB08NCZL1KR%2Fref%3Dsr_1_50_sspa%3Fdchild%3D1%26keywords%3Dlaptop%2B8gb%26qid%3D1607273254%26sr%3D8-50-spons%26psc%3D1&qualifier=1607273254&id=4875104117193096&widgetName=sp_atf_next
"Newest HP 14"" HD Premium Business Laptop PC | 10th Gen Intel Quad-Core i5-1035G1 up to 3.6GHz | 8GB RAM | 256GB SSD | WiFi | HDMI | Card Reader | Bluetooth | Windows 10 | Silver",$564.00,4.2 out of 5 stars,131,https://www.amazon.com/HP-Business-Quad-Core-i5-1035G1-Bluetooth/dp/B07ZV8LQSC/ref=sr_1_51?dchild=1&keywords=laptop+8gb&qid=1607273254&sr=8-51
"Newest HP 15.6inch Lightweight Laptop, Intel Quad-Core i5-1035G1 Processor Up to 3.60 GHz, 8GB DDR4 RAM, 256GB SSD + 16GB Optane, HDMI, Bluetooth, Win 10-Silver (Renewed)",$489.99,4.1 out of 5 stars,25,https://www.amazon.com/HP-15-6inch-Lightweight-Laptop-Quad-Core/dp/B08FCTXKFB/ref=sr_1_52?dchild=1&keywords=laptop+8gb&qid=1607273254&sr=8-52
"Asus TUF FX505DT 15.6-inch FHD Gaming Laptop, AMD Quad Core Ryzen 5 3550H, Nvidia Geforce GTX 1650 4GB Graphics, 8GB DDR4 RAM, 256GB Solid State Drive, RGB Backlit Keyboard, Windows 10 Home, Black",$689.00,4.8 out of 5 stars,7,https://www.amazon.com/Asus-TUF-15-6-inch-Laptop-Graphics/dp/B08KRMGBC2/ref=sr_1_54?dchild=1&keywords=laptop+8gb&qid=1607273254&sr=8-54
"Lenovo ideapad S340 15.6"" IPS Laptop, Intel Core i3-8145U Dual-Core Processor, 8GB Memory, 128GB Solid State Drive, Windows 10, Blue[Renewed]",$409.99,4.4 out of 5 stars,120,https://www.amazon.com/Lenovo-ideapad-i3-8145U-Dual-Core-Processor/dp/B07ZW32L75/ref=sr_1_55?dchild=1&keywords=laptop+8gb&qid=1607273254&sr=8-55
"HP Pavilion Gaming 15-Inch Micro-Edge Laptop, Intel Core i5-9300H Processor, NVIDIA GeForce GTX 1650 (4 GB), 8 GB SDRAM, 256 GB SSD, Windows 10 Home (Shadow Black/Acid Green)",$679.21,4.8 out of 5 stars,13,https://www.amazon.com/HP-Pavilion-Micro-Edge-i5-9300H-Processor/dp/B08FCQ86F7/ref=sr_1_57?dchild=1&keywords=laptop+8gb&qid=1607273254&sr=8-57
"2020 Newest HP x360 2-in-1 14-inch FHD Touchscreen Chromebook 10th Gen. Intel Core i3-10110U, 8GB RAM, 64GB eMMC, B&O Audio, WiFi 6, Backlit Keyboard, Fingerprint Reader - Mineral Silver",$499.90,4.6 out of 5 stars,313,https://www.amazon.com/HP-Touchscreen-Chromebook-i3-10110U-Fingerprint/dp/B08CS54DNG/ref=sr_1_58?dchild=1&keywords=laptop+8gb&qid=1607273254&sr=8-58
EAZOR 8GB USB 2.0 Flash Drive USB Stick Thumb Drive Rotated Design Memory Stick for PC/Laptop/External Storage Data Jump Drive Photo Stick Digital for Photos/Videos(8GB 5 Pack Mix Color),$12.99,,,https://www.amazon.com/gp/slredirect/picassoRedirect.html/ref=pa_sp_mtf_aps_sr_pg4_1?ie=UTF8&adId=A09226391BVSGN7L7Z1Y1&url=%2FRotated-Design-External-Storage-Digital%2Fdp%2FB08M3VTD99%2Fref%3Dsr_1_59_sspa%3Fdchild%3D1%26keywords%3Dlaptop%2B8gb%26qid%3D1607273254%26sr%3D8-59-spons%26psc%3D1&qualifier=1607273254&id=4875104117193096&widgetName=sp_mtf
"Samsung Chromebook 4 Chrome OS 11.6"" HD Intel Celeron Processor N4000 6GB RAM 64GB eMMC Gigabit Wi-Fi - XE310XBA-K03US",$279.99,4.5 out of 5 stars,"1,007",https://www.amazon.com/gp/slredirect/picassoRedirect.html/ref=pa_sp_mtf_aps_sr_pg4_1?ie=UTF8&adId=A05154163PT0U9C3EZ0NX&url=%2FSamsung-Chromebook-Celeron-Processor-Gigabit%2Fdp%2FB07XQQS439%2Fref%3Dsr_1_60_sspa%3Fdchild%3D1%26keywords%3Dlaptop%2B8gb%26qid%3D1607273254%26sr%3D8-60-spons%26psc%3D1&qualifier=1607273254&id=4875104117193096&widgetName=sp_mtf
"2020 Newest Lenovo IdeaPad 3 Laptop, 14"" Full HD Narrow-Bezel Screen, AMD Ryzen 3 3250U Dual-Core Processor, 8GB DDR4 Memory, 1TB Hard Disk Drive, Webcam, HDMI, Wi-Fi, Windows 10 Home, Abyss Blue",$439.97,3.7 out of 5 stars,6,https://www.amazon.com/Lenovo-IdeaPad-Narrow-Bezel-Dual-Core-Processor/dp/B08G1WL7TJ/ref=sr_1_61?dchild=1&keywords=laptop+8gb&qid=1607273254&sr=8-61
"2019 Dell Inspiron 3593 Laptop 15.6"", 10th Generation Intel Core i5-1035G1 Processor, 8GB DDR4 RAM 256GB Solid State Drive, HDMI, WiFi, Bluetooth, Windows 10, Black",$639.00,,,https://www.amazon.com/Dell-Generation-i5-1035G1-Processor-Bluetooth/dp/B07YXWWMRL/ref=sr_1_62?dchild=1&keywords=laptop+8gb&qid=1607273254&sr=8-62
"HP 15 Laptop, 15.6"" HD Display, Intel Core I5-8265U, Intel UHD Graphics, 8GB, 256GB SSD, Natural Silver",$583.99,4.5 out of 5 stars,46,https://www.amazon.com/HP-Display-I5-8265U-Graphics-Natural/dp/B07T4LQ7L2/ref=sr_1_63?dchild=1&keywords=laptop+8gb&qid=1607273254&sr=8-63
HP Pavilion 13 i3-8145U 8GB 128GB SSD 13.3-inch 1920x1080 Fingerprint Reader Windows 10 Laptop (Renewed),$409.99,4.7 out of 5 stars,38,https://www.amazon.com/HP-Pavilion-13-3-inch-1920x1080-Fingerprint/dp/B07Q221T75/ref=sr_1_64?dchild=1&keywords=laptop+8gb&qid=1607273254&sr=8-64
"2020 ASUS VivoBook 15 15.6 Inch FHD 1080P Laptop (AMD Ryzen 3 3200U up to 3.5GHz, 8GB DDR4 RAM, 256GB SSD, AMD Radeon Vega 3, Backlit Keyboard, FP Reader, WiFi, Bluetooth, HDMI, Windows 10) (Grey)",$519.00,4.5 out of 5 stars,189,https://www.amazon.com/ASUS-VivoBook-Backlit-Keyboard-Bluetooth/dp/B07Y5PDX7D/ref=sr_1_65?dchild=1&keywords=laptop+8gb&qid=1607273254&sr=8-65
"2020 Lenovo IdeaPad 15.6"" Full HD 1080p Laptop PC, AMD Ryzen 3 3200U Processor, 8GB DDR4 Memory, 256GB SSD, AMD Radeon Vega 3, HDMI, USB 3.1 , Windows 10 S, Platinum Gray",$487.00,5.0 out of 5 stars,1,https://www.amazon.com/Lenovo-IdeaPad-Processor-Windows-Platinum/dp/B08JJ8QF1T/ref=sr_1_66?dchild=1&keywords=laptop+8gb&qid=1607273254&sr=8-66
"Microsoft Surface Laptop Go - 12.4"" Touchscreen - Intel Core i5 - 8GB Memory - 128GB SSD - Platinum",$699.00,4.5 out of 5 stars,88,https://www.amazon.com/Microsoft-Surface-Laptop-Go-Touchscreen/dp/B08GZMXP7P/ref=sr_1_67?dchild=1&keywords=laptop+8gb&qid=1607273254&sr=8-67
"CHUWI Herobook Pro 14.1 inch Windows 10 Intel N4000 Dual Core 8GB RAM 256GB ROM Notebook,Thin and Lightweight Laptop,BT4.0 (Herobook Pro(2020))",$359.99,4.0 out of 5 stars,241,https://www.amazon.com/CHUWI-Herobook-Pro-Notebook-Lightweight/dp/B085XRL3P1/ref=sr_1_68?dchild=1&keywords=laptop+8gb&qid=1607273254&sr=8-68
"Netac USB Flash Drive 8GB 5Packs - USB 2.0 Thumb Drive Bulk, USB Memory Stick for Computer/Laptop/External Data Storage, USB Stick, Pen Drive, Jump Drive for Photo/Video, Metal Swivel Design - U505",$12.99,4.6 out of 5 stars,786,https://www.amazon.com/gp/slredirect/picassoRedirect.html/ref=pa_sp_btf_aps_sr_pg4_1?ie=UTF8&adId=A0314885I0OVXK36OB0C&url=%2FUSB-Flash-Drive-8GB-5Packs%2Fdp%2FB084ZDR7PJ%2Fref%3Dsr_1_69_sspa%3Fdchild%3D1%26keywords%3Dlaptop%2B8gb%26qid%3D1607273254%26sr%3D8-69-spons%26psc%3D1&qualifier=1607273254&id=4875104117193096&widgetName=sp_btf
Lenovo 81LD0008US Legion Y7000 I5/2.3 4c 15.6 8gb 1tb W10,$769.99,,,https://www.amazon.com/gp/slredirect/picassoRedirect.html/ref=pa_sp_btf_aps_sr_pg4_1?ie=UTF8&adId=A039343823N19TLYYZT09&url=%2FLenovo-81LD0008US-Legion-Y7000-15-6%2Fdp%2FB07Q33GKBN%2Fref%3Dsr_1_70_sspa%3Fdchild%3D1%26keywords%3Dlaptop%2B8gb%26qid%3D1607273254%26sr%3D8-70-spons%26psc%3D1&qualifier=1607273254&id=4875104117193096&widgetName=sp_btf
"Lenovo IdeaPad Flex 5 14"" Convertible Laptop, FHD (1920 x 1080) Touch Display, Intel Core i5-1035G1 Processor, 8GB DDR4 Onboard RAM, 128GB SSD, Intel UHD Graphics, Win 10, 81X1004RUS, Graphite Grey",$663.72,4.5 out of 5 stars,100,https://www.amazon.com/gp/slredirect/picassoRedirect.html/ref=pa_sp_atf_next_aps_sr_pg5_1?ie=UTF8&adId=A0278116SLV3RXIU43K9&url=%2FLenovo-Convertible-i5-1035G1-Processor-81X1004RUS%2Fdp%2FB0872JDR2M%2Fref%3Dsr_1_65_sspa%3Fdchild%3D1%26keywords%3Dlaptop%2B8gb%26qid%3D1607273268%26sr%3D8-65-spons%26psc%3D1&qualifier=1607273268&id=6824543532511292&widgetName=sp_atf_next
Moleskine Pen+ Ellipse Smart Writing Set Pen & Ruled Smart Notebook - Use with Moleskine Notes App for Digitally Storing Notes (Only Compatible with Moleskine Smart Notebooks),$149.00,4.1 out of 5 stars,366,https://www.amazon.com/gp/slredirect/picassoRedirect.html/ref=pa_sp_atf_next_aps_sr_pg5_1?ie=UTF8&adId=A04147022UMT5NXPV0IPS&url=%2FMoleskine-Ellipse-Smart-Writing-Notebook%2Fdp%2FB07HSJQNVD%2Fref%3Dsr_1_66_sspa%3Fdchild%3D1%26keywords%3Dlaptop%2B8gb%26qid%3D1607273268%26sr%3D8-66-spons%26psc%3D1&qualifier=1607273268&id=6824543532511292&widgetName=sp_atf_next
"Newest HP Pavilion 15.6"" FHD IPS Premium Gaming Laptop, AMD 2nd Gen Quad-Core Ryzen 5 3550H, 8GB RAM, 256GB SSD, NVIDIA GeForce GTX 1050 3GB GDDR5, Backlit Keyboard, Windows 10",$678.99,4.4 out of 5 stars,136,https://www.amazon.com/HP-Pavilion-Premium-Quad-Core-Keyboard/dp/B0814QQW56/ref=sr_1_67?dchild=1&keywords=laptop+8gb&qid=1607273268&sr=8-67
"HP 14"" HD AMD Ryzen 3 3.5GHz 4GB 128GB SSD Radeon Vega 3 Webcam Windows 10 Laptop",$436.00,4.2 out of 5 stars,244,https://www.amazon.com/HP-3-5GHz-Radeon-Webcam-Windows/dp/B07SZ9H38Q/ref=sr_1_68?dchild=1&keywords=laptop+8gb&qid=1607273268&sr=8-68
Lenovo Yoga C740-14 FHD Touch - 10th gen i5-10210U - 8GB - 256GB SSD - Mica,$649.00,4.6 out of 5 stars,296,https://www.amazon.com/Lenovo-Yoga-C740-14-FHD-Touch/dp/B08122HHX9/ref=sr_1_69?dchild=1&keywords=laptop+8gb&qid=1607273268&sr=8-69
"Fast Dell Latitude E5470 HD Business Laptop Notebook PC (Intel Core i5-6300U, 8GB Ram, 256GB Solid State SSD, HDMI, Camera, WiFi, SC Card Reader) Win 10 Pro (Renewed).",$519.99,4.3 out of 5 stars,449,https://www.amazon.com/Dell-Latitude-E5470-Certified-Refurbished/dp/B07D5N1PFY/ref=sr_1_70?dchild=1&keywords=laptop+8gb&qid=1607273268&sr=8-70
HP Pavilion 14-ce3064st Notebook - Intel Core i5-1035G1 - 1TB SATA HDD - 8GB Memory - Intel UHD Graphics - Windows 10 - New,$509.00,5.0 out of 5 stars,1,https://www.amazon.com/HP-Pavilion-14-ce3064st-Notebook-i5-1035G1/dp/B08FSBBGWL/ref=sr_1_71?dchild=1&keywords=laptop+8gb&qid=1607273268&sr=8-71
"AVITA Clarus 14"" Laptop, Windows 10, Intel Core i5 Processor, 8GB RAM, 128GB SSD Storage, All Metal - (CN6314F551) (Silver)",$455.00,3.6 out of 5 stars,103,https://www.amazon.com/Clarus-Laptop-Windows-Processor-Storage/dp/B07G1GT8S4/ref=sr_1_72?dchild=1&keywords=laptop+8gb&qid=1607273268&sr=8-72
"HP Pavilion Gaming 15-Inch Micro-EDGE Laptop, Intel Core i5-9300H Processor, NVIDIA GeForce GTX 1650 (4 GB), 8 GB SDRAM, 256 GB SSD, Windows 10 Home (15-dk0020nr, Shadow Black/Acid Green)",$749.00,4.6 out of 5 stars,239,https://www.amazon.com/HP-Pavilion-Micro-EDGE-Processor-15-dk0020nr/dp/B07SC6HG74/ref=sr_1_74?dchild=1&keywords=laptop+8gb&qid=1607273268&sr=8-74
"Netac USB Flash Drive 8GB 5Packs - USB 2.0 Thumb Drive Bulk, USB Memory Stick for Computer/Laptop/External Data Storage, USB Stick, Pen Drive, Jump Drive for Photo/Video, Metal Swivel Design - U505",$13.49,4.6 out of 5 stars,786,https://www.amazon.com/gp/slredirect/picassoRedirect.html/ref=pa_sp_mtf_aps_sr_pg5_1?ie=UTF8&adId=A10308022NOXLERRYKSBX&url=%2FNetac-USB-Flash-Drive-5Packs%2Fdp%2FB082W161WW%2Fref%3Dsr_1_75_sspa%3Fdchild%3D1%26keywords%3Dlaptop%2B8gb%26qid%3D1607273268%26sr%3D8-75-spons%26psc%3D1&qualifier=1607273268&id=6824543532511292&widgetName=sp_mtf
"【 8GB/Office 2010】 14.1 inches Narrow Frame Edge J3455 Silent CPU 8 GB RAM / 128 GB ROM Thin high Performance Laptop Computer with Wireless Mouse (64G+64G SSD, Rose Gold)",$389.00,2.8 out of 5 stars,9,https://www.amazon.com/gp/slredirect/picassoRedirect.html/ref=pa_sp_mtf_aps_sr_pg5_1?ie=UTF8&adId=A0883350D0RKBPBDU6BN&url=%2F%25E3%2580%2590Microsfot-Office-Performance-Computer-Wireless%2Fdp%2FB07K6GXS8K%2Fref%3Dsr_1_76_sspa%3Fdchild%3D1%26keywords%3Dlaptop%2B8gb%26qid%3D1607273268%26sr%3D8-76-spons%26psc%3D1&qualifier=1607273268&id=6824543532511292&widgetName=sp_mtf
"HP 14"" FHD IPS LED 1080p Laptop Intel Core i5-1035G4 8GB DDR4 128GB SSD Backlit Keyboard Windows 10 with S Mode",$575.00,4.3 out of 5 stars,279,https://www.amazon.com/HP-i5-1035G4-Backlit-Keyboard-Windows/dp/B081945D2S/ref=sr_1_79?dchild=1&keywords=laptop+8gb&qid=1607273268&sr=8-79
"Lenovo - IdeaPad 15.6"" Laptop - AMD Ryzen 3 - 8GB Memory - 256GB Solid State Drive - Platinum Gray/IMR",$431.98,4.5 out of 5 stars,80,https://www.amazon.com/Lenovo-IdeaPad-Laptop-Memory-Platinum/dp/B087Z4Z21R/ref=sr_1_80?dchild=1&keywords=laptop+8gb&qid=1607273268&sr=8-80
"Lenovo IdeaPad 3 15.6"" FHD Laptop, 10th Gen Core i3-1005G1 up to 3.40 GHz, 8GB RAM, 256GB SSD, Webcam, WiFi, BT, HDMI, USB 3.0, 1920x1080, Myrtix HDMI Cable, Win 10",$490.99,4.6 out of 5 stars,3,https://www.amazon.com/Lenovo-IdeaPad-Laptop-i3-1005G1-1920x1080/dp/B08LDWTM1F/ref=sr_1_81?dchild=1&keywords=laptop+8gb&qid=1607273268&sr=8-81
"New HP Pavilion Laptop 15.6"" Full HD Display, AMD Ryzen 5 3500U, AMD Radeon Vega 8 Graphics, 8GB SDRAM, 1TB HDD + 128GB SSD",$684.00,4.4 out of 5 stars,62,https://www.amazon.com/HP-Pavilion-Laptop-Display-Graphics/dp/B07TKF3DHV/ref=sr_1_82?dchild=1&keywords=laptop+8gb&qid=1607273268&sr=8-82
"ASUS TUF FX505DT Gaming Laptop- 15.6"", 120Hz Full HD, AMD Ryzen 5 R5-3550H Processor, GeForce GTX 1650 Graphics, 8GB DDR4, 256GB PCIe SSD, RGB Keyboard, Windows 10 64-bit - FX505DT-AH51",$749.00,4.4 out of 5 stars,"1,934",https://www.amazon.com/R5-3550H-Processor-Graphics-FX505DT-AH51-Keyboard/dp/B07VBK4SYS/ref=sr_1_83?dchild=1&keywords=laptop+8gb&qid=1607273268&sr=8-83
"ASUS Chromebook Flip C434 2-In-1 Laptop- 14"" Full HD 4-Way NanoEdge Touchscreen, Intel Core M3-8100Y Processor, 8GB RAM, 64GB eMMC Storage, Backlit KB, Chrome OS- C434TA-DS384T Silver",$599.99,4.4 out of 5 stars,"1,554",https://www.amazon.com/gp/slredirect/picassoRedirect.html/ref=pa_sp_btf_aps_sr_pg5_1?ie=UTF8&adId=A09895563LZR83FUHOAU9&url=%2FChromebook-C434TA-DS384T-Touchscreen-NanoEdge-Processor%2Fdp%2FB07QY4RN79%2Fref%3Dsr_1_85_sspa%3Fdchild%3D1%26keywords%3Dlaptop%2B8gb%26qid%3D1607273268%26sr%3D8-85-spons%26psc%3D1&qualifier=1607273268&id=6824543532511292&widgetName=sp_btf
"ARETOP 32GB Flash Drive 10 Pack, USB Flash Stick with Easy-Storage Bag Pen Drive Gig Stick Memory Stick USB2.0 Pendrive 32GB Thumb Drives for Fold Data Storage (10 PCS 32GB- 10 Mix-Colors)",$29.99,4.6 out of 5 stars,602,https://www.amazon.com/gp/slredirect/picassoRedirect.html/ref=pa_sp_btf_aps_sr_pg5_1?ie=UTF8&adId=A07400682HWWJC16JRXJ5&url=%2FEasy-Storage-ARETOP-Memory-Pendrive-Storage%2Fdp%2FB07DW1QS67%2Fref%3Dsr_1_86_sspa%3Fdchild%3D1%26keywords%3Dlaptop%2B8gb%26qid%3D1607273268%26sr%3D8-86-spons%26psc%3D1&qualifier=1607273268&id=6824543532511292&widgetName=sp_btf
"Seagate Desktop 8TB External Hard Drive HDD – USB 3.0 For PC Laptop And Mac, 1-year Rescue Service (STGY8000400)",$144.99,4.7 out of 5 stars,"69,457",https://www.amazon.com/gp/slredirect/picassoRedirect.html/ref=pa_sp_atf_next_aps_sr_pg6_1?ie=UTF8&adId=A05967853UK4XXXID5RWO&url=%2FSeagate-Desktop-External-Hard-Drive%2Fdp%2FB07CQJBSQL%2Fref%3Dsr_1_81_sspa%3Fdchild%3D1%26keywords%3Dlaptop%2B8gb%26qid%3D1607273280%26sr%3D8-81-spons%26psc%3D1&qualifier=1607273280&id=590843725153890&widgetName=sp_atf_next
Desktop Mini PC Fanless Computer Windows 10 Pro Intel Atom Quad Core x5-Z8350 4GB DDR/64GB eMMC HDMI and VGA Port 2.4/5.8G WiFi BT4.1 USB 3.0 Mounting Bracket Auto Power On,$139.99,4.1 out of 5 stars,497,https://www.amazon.com/gp/slredirect/picassoRedirect.html/ref=pa_sp_atf_next_aps_sr_pg6_1?ie=UTF8&adId=A04672392G6EZBIXWZCHJ&url=%2FFanless-Desktop-Computer-Windows-Mounting%2Fdp%2FB07QY8LDGX%2Fref%3Dsr_1_82_sspa%3Fdchild%3D1%26keywords%3Dlaptop%2B8gb%26qid%3D1607273280%26sr%3D8-82-spons%26psc%3D1%26smid%3DA2GFAOFH7QLTX9&qualifier=1607273280&id=590843725153890&widgetName=sp_atf_next
"HP Pavilion 15 15.6"" IPS Touchscreen Full HD (1920x1080) Business Laptop - 8th Gen Intel Quad-Core i5-8250U, 8GB DDR4, 1TB HDD, USB Type-C, FHD IR Webcam, WiFi AC, HDMI, Ethernet RJ-45, Windows 10",$768.00,4.3 out of 5 stars,424,https://www.amazon.com/HP-Pavilion-15-Touchscreen-1920x1080/dp/B07KWG73RQ/ref=sr_1_83?dchild=1&keywords=laptop+8gb&qid=1607273280&sr=8-83
"ASUS ZenBook 13 Ultra-Slim Laptop 13.3” FHD NanoEdge Bezel Display, Intel Core i5-1035G1, 8GB LPDDR4X RAM, 256GB PCIe SSD, NumberPad, Thunderbolt, Wi-Fi 6, Windows 10 Pro, Pine Grey, UX325JA-XB51",$771.98,4.4 out of 5 stars,85,https://www.amazon.com/ASUS-ZenBook-13-Thunderbolt-UX325JA-XB51/dp/B08CVTLY1L/ref=sr_1_85?dchild=1&keywords=laptop+8gb&qid=1607273280&sr=8-85
"Dell Inspiron 13 2-in-1 7391-13.3"" FHD Touch - 10th gen i5-10210U - 8GB - 512GB SSD",$849.00,4.6 out of 5 stars,40,https://www.amazon.com/Dell-Inspiron-7391-13-3-FHD-Touch/dp/B08121G394/ref=sr_1_88?dchild=1&keywords=laptop+8gb&qid=1607273280&sr=8-88
"2020 Lenovo IdeaPad 3 15.6"" HD High Performance Laptop, Intel Core i5-1035G1 Quad-Core Processor, 8GB Memory, 256GB SSD, HDMI, Webcam, Wi-FI 802.11AC, Windows 10, Almond (Google Classroom Compatible)",$590.00,5.0 out of 5 stars,1,https://www.amazon.com/Lenovo-Performance-i5-1035G1-Quad-Core-Compatible/dp/B08HPG8JVL/ref=sr_1_89?dchild=1&keywords=laptop+8gb&qid=1607273280&sr=8-89
"2020 Lenovo IdeaPad 3 15.6"" Full HD Laptop, AMD Ryzen 5 3500U Quad-Core Processor, 8GB Memory, 256GB SSD, Vega 8 Graphics, Webcam, WiFi, Windows 10, Almond, Google Classroom Compatible",$527.00,5.0 out of 5 stars,1,https://www.amazon.com/Lenovo-Quad-Core-Processor-Classroom-Compatible/dp/B08HHPNP42/ref=sr_1_90?dchild=1&keywords=laptop+8gb&qid=1607273280&sr=8-90
"Netac 8GB USB Flash Drive 5Packs, USB 3.0 Interface, Speed up to 90MB/s, Thumb Drive with Metal Swivel, Bulk USB Memory Stick for PC/Laptop/External Expendable Memory Data Storage, Photo, Video -U505",$19.99,4.5 out of 5 stars,"4,864",https://www.amazon.com/gp/slredirect/picassoRedirect.html/ref=pa_sp_mtf_aps_sr_pg6_1?ie=UTF8&adId=A03336533CZ6O6FF0B8F6&url=%2FNetac-Interface-External-Expendable-Storage%2Fdp%2FB0838WT4D5%2Fref%3Dsr_1_91_sspa%3Fdchild%3D1%26keywords%3Dlaptop%2B8gb%26qid%3D1607273280%26sr%3D8-91-spons%26psc%3D1&qualifier=1607273280&id=590843725153890&widgetName=sp_mtf
"Panasonic Toughbook, CF-54C3001CM, Window 10 Pro, Intel Core I5-5300U 2.30GHZ, VPRO, 14.0” FHD, Gloved Multi Touch, 256GB SSD, 8GB, TPM, Bluetooth, Emissive Backlit Keyboard. (Renewed)","$1,399.00",,,https://www.amazon.com/gp/slredirect/picassoRedirect.html/ref=pa_sp_mtf_aps_sr_pg6_1?ie=UTF8&adId=A0149981HFW247FTI5OG&url=%2FPanasonic-Toughbook-CF-54C3001CM-Bluetooth-Keyboard%2Fdp%2FB08N1MN8X4%2Fref%3Dsr_1_92_sspa%3Fdchild%3D1%26keywords%3Dlaptop%2B8gb%26qid%3D1607273280%26sr%3D8-92-spons%26psc%3D1&qualifier=1607273280&id=590843725153890&widgetName=sp_mtf
"2020 Asus TUF 15.6"" FHD Premium Gaming Laptop, 10th Gen Intel Quad-Core i5-10300H, 8GB RAM, 512GB SSD, NVIDIA GeForce GTX 1650Ti 4GB GDDR6, RGB Backlit Keyboard, Windows 10 Home",$795.00,,,https://www.amazon.com/Premium-Quad-Core-i5-10300H-GeForce-Keyboard/dp/B08NBC698F/ref=sr_1_93?dchild=1&keywords=laptop+8gb&qid=1607273280&sr=8-93
"Dell Inspiron 15 Intel Core i3-7130U 8GB 1TB HDD 15.6"" HD LED Win 10 Laptop",$560.00,4.1 out of 5 stars,82,https://www.amazon.com/Dell-Inspiron-Intel-i3-7130U-Laptop/dp/B07BV79QTW/ref=sr_1_95?dchild=1&keywords=laptop+8gb&qid=1607273280&sr=8-95
"HP 17.3"" HD+ Laptop, Intel Quad Core i5-8250U Processor up to 3.4 GHz, 24GB Memory (16GB Intel Optane + 8GB RAM), 1TB Hard Drive, DVD-RW, 802.11ac, Bluetooth, HDMI, Backlit Keyboard",$849.00,4.2 out of 5 stars,75,https://www.amazon.com/HP-i5-8250U-Processor-802-11ac-Bluetooth/dp/B07F3FQQ8L/ref=sr_1_96?dchild=1&keywords=laptop+8gb&qid=1607273280&sr=8-96
"2020 HP 14 inch HD Laptop Newest for Business and Student, AMD Athlon Silver 3050U (Beat i5-7200U), 4GB DDR4 RAM, 128GB SSD, 802.11ac, WiFi, Bluetooth, HDMI, Windows 10 w/HESVAP 3in1 Accessories",$499.00,4.4 out of 5 stars,"1,765",https://www.amazon.com/HP-Business-i5-7200U-Bluetooth-Accessories/dp/B087RH1D1K/ref=sr_1_97?dchild=1&keywords=laptop+8gb&qid=1607273280&sr=8-97
"HP Elite C2D 3.0ghz, New 4GB Memory, 250GB, Windows 10 Professional (Renewed)",$99.99,4.1 out of 5 stars,948,https://www.amazon.com/HP-Elite-Professional-Certified-Refurbished/dp/B0094JF1HA/ref=sr_1_98?dchild=1&keywords=laptop+8gb&qid=1607273280&sr=8-98
"Acer Nitro 5 17.3"" FHD Gaming Laptop Intel Core i5-10300H, NVIDIA GeForce GTX 1650 Ti,8GB DDR4 RAM, 512GB PCIE SSD, Backlit Keyboard, Woov Laptop Bag, Windows 10 Home Obsidian Black",$893.58,,,https://www.amazon.com/Acer-i5-10300H-GeForce-Keyboard-Obsidian/dp/B08P25PQC7/ref=sr_1_99?dchild=1&keywords=laptop+8gb&qid=1607273280&sr=8-99
"2020 Newest Lenovo IdeaPad 3 15"" Laptop, AMD Ryzen 5 3500U Quad-Core Processor, 8GB Memory, 256GB Solid State Drive, Windows 10, Abyss Blue, 81W1009DUS (Google Classroom Compatible)",$518.00,,,https://www.amazon.com/Lenovo-Quad-Core-Processor-81W1009DUS-Compatible/dp/B08HLD3N5C/ref=sr_1_100?dchild=1&keywords=laptop+8gb&qid=1607273280&sr=8-100
"8GB Flash Drive Bulk USB Flash Drive Thumb Drive Zip Drive USB 2.0 Memory Stick GEEUMI 20 Pack USB Sticks Pen Drive Bulk Jump Drive Compatible with Computer,Laptop for Digital Data Backup(Multi-color)",$49.88,4.6 out of 5 stars,96,https://www.amazon.com/gp/slredirect/picassoRedirect.html/ref=pa_sp_btf_aps_sr_pg6_1?ie=UTF8&adId=A06610922T4UZXWKI8M54&url=%2FGEEUMI-Compatible-Computer-Digital-Multi-color%2Fdp%2FB088TK3R48%2Fref%3Dsr_1_101_sspa%3Fdchild%3D1%26keywords%3Dlaptop%2B8gb%26qid%3D1607273280%26sr%3D8-101-spons%26psc%3D1&qualifier=1607273280&id=590843725153890&widgetName=sp_btf
"Panasonic Toughbook FZ-55, Intel Core i5-8365U @1.60GHz, 14.0"" HD, 8GB, 512GB SSD, WiFi, HDMI, Bluetooth, Webcam, Backlit Keyboard, Windows 10 Pro, 3 Years Warranty","$2,199.90",5.0 out of 5 stars,1,https://www.amazon.com/gp/slredirect/picassoRedirect.html/ref=pa_sp_btf_aps_sr_pg6_1?ie=UTF8&adId=A09937763VRG48KWB5SPC&url=%2FPanasonic-Toughbook-FZ-55-i5-8365U-Bluetooth%2Fdp%2FB07YL67PX4%2Fref%3Dsr_1_102_sspa%3Fdchild%3D1%26keywords%3Dlaptop%2B8gb%26qid%3D1607273280%26sr%3D8-102-spons%26psc%3D1&qualifier=1607273280&id=590843725153890&widgetName=sp_btf
"Flash Drive, wellsenn USB Flash Drive 8 GB X 10 Bulk Memory Stick Jump Drive External Drives USB Stick USB Storage Portable Thumb Drive Pen Drive Pack 10 Mixed Coler (8G10COLOR)",$27.99,4.5 out of 5 stars,642,https://www.amazon.com/gp/slredirect/picassoRedirect.html/ref=pa_sp_atf_next_aps_sr_pg7_1?ie=UTF8&adId=A00491331IY7N553DMI0X&url=%2Fwellsenn-External-Storage-Portable-8G10COLOR%2Fdp%2FB07S9LYNVG%2Fref%3Dsr_1_97_sspa%3Fdchild%3D1%26keywords%3Dlaptop%2B8gb%26qid%3D1607273287%26sr%3D8-97-spons%26psc%3D1&qualifier=1607273287&id=25289715198272&widgetName=sp_atf_next
"7 inch Tablet with Eye Protection Screen, HD Display, 1G/8G with WiFi, ZONKO Android 8.1 Quad Core 1024x600 Dual Camera with Bluetooth Tablet, Pink",$39.99,2.8 out of 5 stars,6,https://www.amazon.com/gp/slredirect/picassoRedirect.html/ref=pa_sp_atf_next_aps_sr_pg7_1?ie=UTF8&adId=A0359026DAR5JUYVMTEO&url=%2FProtection-Display-ZONKO-1024x600-Bluetooth%2Fdp%2FB07PZBGVFH%2Fref%3Dsr_1_98_sspa%3Fdchild%3D1%26keywords%3Dlaptop%2B8gb%26qid%3D1607273287%26sr%3D8-98-spons%26psc%3D1&qualifier=1607273287&id=25289715198272&widgetName=sp_atf_next
"ASUS Q406DA - 14"" FHD Touch - AMD Ryzen 5-8GB - 256GB SSD - Silver",$599.00,4.5 out of 5 stars,11,https://www.amazon.com/ASUS-Q406DA-Touch-Ryzen-Silver/dp/B08121F9W2/ref=sr_1_99?dchild=1&keywords=laptop+8gb&qid=1607273287&sr=8-99
"Dell 3593 15.6“ HD Anti-Glare LED-Backlit Laptop, Intel Core i3-1005G1 up to 3.4GHz, 8GB DDR4, 256GB NVMe SSD, HDMI, 802.11ac, Bluetooth 4.1, Webcam, Windows 10 in S Mode, TWE 64GB Micro SD Card",$509.00,5.0 out of 5 stars,1,https://www.amazon.com/Dell-Anti-Glare-LED-Backlit-i3-1005G1-Bluetooth/dp/B08DRWDGH2/ref=sr_1_100?dchild=1&keywords=laptop+8gb&qid=1607273287&sr=8-100
"HP 17-by3065st 17.3"" Notebook 10th GEN i5 8GB RAM 128GB SSD + 1TB HDD DVDRW Windows 10 17.3"" HD+ 1600X900",$638.88,,,https://www.amazon.com/HP-17-by3065st-Notebook-Windows-1600X900/dp/B08FH4H4FB/ref=sr_1_101?dchild=1&keywords=laptop+8gb&qid=1607273287&sr=8-101
"2020 Newest HP ENVY x360 2-in-1 Laptop, 15.6"" Full HD Touchscreen, AMD Ryzen 5 4500U Processor up to 4.0GHz, 8GB Memory, 256GB PCIe SSD, Backlit Keyboard, HDMI, Wi-Fi, Windows 10 Home, Nightfall Black",$719.00,4.3 out of 5 stars,265,https://www.amazon.com/HP-ENVY-Touchscreen-Processor-Nightfall/dp/B08966H6XJ/ref=sr_1_102?dchild=1&keywords=laptop+8gb&qid=1607273287&sr=8-102
"ASUS - FX505DD 15.6"" Gaming Laptop - AMD Ryzen 5 - 8GB Memory - NVIDIA GeForce GTX 1050 - 256GB Solid State Drive - Black",$698.00,4.2 out of 5 stars,131,https://www.amazon.com/ASUS-FX505DD-Gaming-Laptop-GeForce/dp/B07V336VJJ/ref=sr_1_105?dchild=1&keywords=laptop+8gb&qid=1607273287&sr=8-105
"ASUS VivoBook S14 S433 Thin and Light Laptop, 14” FHD Display, Intel Core i5-1135G7 CPU, 8GB DDR4 RAM, 512GB PCIe SSD, Thunderbolt 3, Wi-Fi 6, Windows 10 Home, Indie Black, S433EA-DH51",$699.99,4.3 out of 5 stars,56,https://www.amazon.com/ASUS-VivoBook-i5-1135G7-Thunderbolt-S433EA-DH51/dp/B08KH4BND6/ref=sr_1_106?dchild=1&keywords=laptop+8gb&qid=1607273287&sr=8-106
"GN34 Mini PC Intel Celeron J3455 Processor 8GB RAM, 64GB eMMC with Windows 10, DIY SSD, 4K Intel Quad Core CPU up to 2.3GHz, 1000M LAN, 2.4+5G WiFi, HDMI&VGA, Support WOL, PXE Boot, Auto Powr On",$179.90,4.1 out of 5 stars,44,https://www.amazon.com/gp/slredirect/picassoRedirect.html/ref=pa_sp_mtf_aps_sr_pg7_1?ie=UTF8&adId=A069258521WZLIUCVDWZB&url=%2FApollo-Celeron-Processor-Support-Windows%2Fdp%2FB07VW5MMLM%2Fref%3Dsr_1_107_sspa%3Fdchild%3D1%26keywords%3Dlaptop%2B8gb%26qid%3D1607273287%26sr%3D8-107-spons%26psc%3D1&qualifier=1607273287&id=25289715198272&widgetName=sp_mtf
"Netac USB Flash Drive 8GB 10Packs - USB 2.0 Thumb Drive Bulk, USB Memory Stick for Computer/Laptop/External Data Storage, USB Stick, Pen Drive, Jump Drive for Photo/Video, Metal Swivel Design - U505",$25.99,4.6 out of 5 stars,786,https://www.amazon.com/gp/slredirect/picassoRedirect.html/ref=pa_sp_mtf_aps_sr_pg7_1?ie=UTF8&adId=A00792721SWVCNGEBAXYC&url=%2FNetac-USB-Flash-Drive-10Packs%2Fdp%2FB082W1GFX2%2Fref%3Dsr_1_108_sspa%3Fdchild%3D1%26keywords%3Dlaptop%2B8gb%26qid%3D1607273287%26sr%3D8-108-spons%26psc%3D1&qualifier=1607273287&id=25289715198272&widgetName=sp_mtf
"2020 HP Laptop 15.6"" HD Touchscreen Intel Core i7-1065G7 8GB DDR4 SDRAM 512GB SSD Intel Iris Plus Graphics Windows 10",$788.00,4.6 out of 5 stars,16,https://www.amazon.com/HP-Touchscreen-i7-1065G7-Graphics-Windows/dp/B08FC3Z96R/ref=sr_1_111?dchild=1&keywords=laptop+8gb&qid=1607273287&sr=8-111
"MSI GF65 Thin 9SD-252 15. 6"" 120Hz Gaming Laptop Intel Core i7-9750H GTX1660Ti 8GB 512GB SSD Win10",$992.00,4.5 out of 5 stars,77,https://www.amazon.com/MSI-9SD-252-Gaming-i7-9750H-GTX1660Ti/dp/B0843H5ZXM/ref=sr_1_112?dchild=1&keywords=laptop+8gb&qid=1607273287&sr=8-112
"Acer Aspire 3 Laptop, 15.6"" Full HD, 10th Gen Intel Core i5-1035G1, 8GB DDR4, 256GB NVMe SSD, Windows 10 Home, A315-56-594W",$528.99,4.3 out of 5 stars,39,https://www.amazon.com/Acer-Aspire-i5-1035G1-Windows-A315-56-594W/dp/B08FNZHZJM/ref=sr_1_113?dchild=1&keywords=laptop+8gb&qid=1607273287&sr=8-113
"Acer Nitro 5 AN515 Laptop: Core i5-8300H, 15.6inch Full HD IPS Display, 8GB RAM, 256GB SSD, NVidia GTX 1050 Ti 4GB Graphics",$759.99,4.6 out of 5 stars,217,https://www.amazon.com/Acer-Nitro-AN515-Laptop-i5-8300H/dp/B07C715KNT/ref=sr_1_116?dchild=1&keywords=laptop+8gb&qid=1607273287&sr=8-116
"Smartbook High-Performance 10.1 inch Ultra-Thin Portable Office Entertainment Notebook only 0.8KG Intel Quad-core Processor 2G+32GB EMMC pre-Installed Windows 10 Professional, Office 2010 (Pink)",$199.99,3.3 out of 5 stars,4,https://www.amazon.com/gp/slredirect/picassoRedirect.html/ref=pa_sp_btf_aps_sr_pg7_1?ie=UTF8&adId=A06756941RRHUPDC4GE13&url=%2FHigh-Performance-Ultra-Thin-Entertainment-pre-Installed-Professional%2Fdp%2FB07M7YP3CD%2Fref%3Dsr_1_117_sspa%3Fdchild%3D1%26keywords%3Dlaptop%2B8gb%26qid%3D1607273287%26sr%3D8-117-spons%26psc%3D1&qualifier=1607273287&id=25289715198272&widgetName=sp_btf
"13.3 inch Laptop (Intel Celeron N3350 64 bit ,6GB DDR3 RAM ,64GB eMMC ,10000mAH Battery ,HD Webcam ,Windows 10 OS Preinstalled ,1366 768 FHD IPS Display ) Notebook (Silver)",$239.99,2.2 out of 5 stars,24,https://www.amazon.com/gp/slredirect/picassoRedirect.html/ref=pa_sp_btf_aps_sr_pg7_1?ie=UTF8&adId=A04098113K2D693T6A34H&url=%2FCeleron-10000mAH-Battery-Preinstalled-Notebook%2Fdp%2FB08BX5N25K%2Fref%3Dsr_1_118_sspa%3Fdchild%3D1%26keywords%3Dlaptop%2B8gb%26qid%3D1607273287%26sr%3D8-118-spons%26psc%3D1&qualifier=1607273287&id=25289715198272&widgetName=sp_btf
"Netac 16GB Micro SD Card, microSDHC UHS-I Memory Card - 90MB/s, 600X, U1, C10, Full HD Video V10, A1, FAT32, High Speed Flash TF Card P500 for Smartphone/Bluetooth Speaker/Tablet/PC/Drone/Camera",$5.49,4.6 out of 5 stars,"12,042",https://www.amazon.com/gp/slredirect/picassoRedirect.html/ref=pa_sp_atf_next_aps_sr_pg8_1?ie=UTF8&adId=A0076309BVFGQDR6RD8A&url=%2FNetac-Micro-microSDHC-UHS-I-Memory%2Fdp%2FB0834NZC5H%2Fref%3Dsr_1_113_sspa%3Fdchild%3D1%26keywords%3Dlaptop%2B8gb%26qid%3D1607273296%26sr%3D8-113-spons%26psc%3D1&qualifier=1607273296&id=4559248681636141&widgetName=sp_atf_next
"Vanja Micro USB OTG Adapter and USB 2.0 Portable Memory Card Reader for SDXC, SDHC, SD, MMC, RS-MMC, Micro SDXC, Micro SD, Micro SDHC Card and UHS-I Card",$6.99,4.5 out of 5 stars,"21,548",https://www.amazon.com/gp/slredirect/picassoRedirect.html/ref=pa_sp_atf_next_aps_sr_pg8_1?ie=UTF8&adId=A07078482JGLMGM335NIP&url=%2FVanja-Adapter-Portable-Memory-Reader%2Fdp%2FB00W02VHM6%2Fref%3Dsr_1_114_sspa%3Fdchild%3D1%26keywords%3Dlaptop%2B8gb%26qid%3D1607273296%26sr%3D8-114-spons%26psc%3D1&qualifier=1607273296&id=4559248681636141&widgetName=sp_atf_next
"Samsung Chromebook 4 Chrome OS 11.6"" HD Intel Celeron Processor N4000 6GB RAM 64GB eMMC Gigabit Wi-Fi - XE310XBA-K03US",$279.99,4.5 out of 5 stars,"1,007",https://www.amazon.com/Samsung-Chromebook-Celeron-Processor-Gigabit/dp/B07XQQS439/ref=sr_1_115?dchild=1&keywords=laptop+8gb&qid=1607273296&sr=8-115
"Acer Nitro 5 AN515 Laptop: Core i5-8300H, 15.6inch Full HD IPS Display, 8GB RAM, 256GB SSD, NVidia GTX 1050 Ti 4GB Graphics",$759.99,4.6 out of 5 stars,217,https://www.amazon.com/Acer-Nitro-AN515-Laptop-i5-8300H/dp/B07C715KNT/ref=sr_1_116?dchild=1&keywords=laptop+8gb&qid=1607273296&sr=8-116
"Microsoft Surface Laptop 3 – 13.5"" Touch-Screen – Intel Core i5 - 8GB Memory - 128GB Solid State Drive (Latest Model) – Platinum with Alcantara (Renewed)",$769.00,4.3 out of 5 stars,42,https://www.amazon.com/Microsoft-Surface-Laptop-Touch-Screen-Alcantara/dp/B084SR345X/ref=sr_1_118?dchild=1&keywords=laptop+8gb&qid=1607273296&sr=8-118
"Dell - Inspiron 13 7000 2-in-1 - 13.3"" Touch-Screen Laptop - Intel Core i5 - 8GB Memory - 512GB SSD + 32GB Optane - Silver - i7300-5395SLV-PUS",$746.98,,,https://www.amazon.com/Dell-Inspiron-2-Touch-Screen-i7300-5395SLV-PUS/dp/B08DRQ8ZH6/ref=sr_1_119?dchild=1&keywords=laptop+8gb&qid=1607273296&sr=8-119
"Lenovo V14-ARE 82DQ000PUS 14"" Notebook - 1920 x 1080 - Ryzen 5 4500U - 8 GB RAM - 256 GB SSD - Iron Gray - Windows 10 Pro 64-bit - AMD Radeon Graphics - Twisted nematic (TN) - English Keyboard -",$602.43,4.3 out of 5 stars,22,https://www.amazon.com/Lenovo-V14-ARE-82DQ000PUS-14-Notebook/dp/B088FTRQG7/ref=sr_1_120?dchild=1&keywords=laptop+8gb&qid=1607273296&sr=8-120
"2020 Asus VivoBook 15 Thin & Light Laptop: 10th Gen Core i7-1065G7, 256GB SSD, 8GB RAM, 15.6"" Full HD Display, Backlit Keyboard, Windows 10",$633.95,4.5 out of 5 stars,2,https://www.amazon.com/2020-Asus-VivoBook-Light-Laptop/dp/B08HSRCL1Q/ref=sr_1_122?dchild=1&keywords=laptop+8gb&qid=1607273296&sr=8-122
Patriot 1.35V 8GB DDR3 1600MHz PC3-12800 CL11 SODIMM Memory PSD38G1600L2S,$27.99,4.8 out of 5 stars,"1,812",https://www.amazon.com/gp/slredirect/picassoRedirect.html/ref=pa_sp_mtf_aps_sr_pg8_1?ie=UTF8&adId=A09889522TLXOOETVSDL&url=%2FPatriot-1600MHz-PC3-12800-SODIMM-PSD38G1600L2S%2Fdp%2FB009WIW9GE%2Fref%3Dsr_1_123_sspa%3Fdchild%3D1%26keywords%3Dlaptop%2B8gb%26qid%3D1607273296%26sr%3D8-123-spons%26psc%3D1&qualifier=1607273296&id=4559248681636141&widgetName=sp_mtf
"LABISTS Raspberry Pi 4 4GB Starter Kit with 64GB Micro SD Card Preloaded Raspberry Pi OS (Raspbian), Black Case, Heatsinks, Fan, Micro HDMI Cable x 2, SD Card Reader (4GB RAM)",$114.97,4.6 out of 5 stars,368,https://www.amazon.com/gp/slredirect/picassoRedirect.html/ref=pa_sp_mtf_aps_sr_pg8_1?ie=UTF8&adId=A10387793F20WA6VX0NR3&url=%2FLABISTS-Raspberry-Complete-Preloaded-Heatsinks%2Fdp%2FB07Z1QFLNH%2Fref%3Dsr_1_124_sspa%3Fdchild%3D1%26keywords%3Dlaptop%2B8gb%26qid%3D1607273296%26sr%3D8-124-spons%26psc%3D1&qualifier=1607273296&id=4559248681636141&widgetName=sp_mtf
"HP 15-Inch HD Touchscreen Laptop, 10th Gen Intel Core i5-1035G1, 8 GB SDRAM, 512 GB Solid-State Drive, Windows 10 Home (15-dy1020nr, Natural Silver), 15-15.99 inches",$693.00,4.4 out of 5 stars,216,https://www.amazon.com/HP-Touchscreen-i5-1035G1-Solid-State-15-dy1020nr/dp/B07VZ16T9T/ref=sr_1_126?dchild=1&keywords=laptop+8gb&qid=1607273296&sr=8-126
"Acer Spin 3 Convertible Laptop, 8th Gen Intel Core i5-8265U, 8GB DDR4, 256GB PCIe NVMe SSD, Rechargeable Active Stylus, Windows 10 Home",$659.00,4.5 out of 5 stars,79,https://www.amazon.com/Acer-Convertible-I5-8265U-Rechargeable-SP314-53N-53SH/dp/B07WGQB5XK/ref=sr_1_127?dchild=1&keywords=laptop+8gb&qid=1607273296&sr=8-127
"ASUS VivoBook F510QA Thin & Lightweight Laptop, 15.6” FHD WideView, AMD Quad Core A12-9720P Processor, 8GB RAM, 256G SSD, Fingerprint Reader, Windows 10 in S mode, F510QA-DS99",$625.00,4.0 out of 5 stars,306,https://www.amazon.com/ASUS-Lightweight-A12-9720P-Fingerprint-F510QA-DS99/dp/B07QFNNJQ9/ref=sr_1_128?dchild=1&keywords=laptop+8gb&qid=1607273296&sr=8-128
"Dell Inspiron 17 3793 Laptop 17.3"" Full HD,10th Gen Intel i5-1035G1, 8GB RAM, 512GB SSD, Windows 10",$716.89,4.4 out of 5 stars,10,https://www.amazon.com/Dell-Inspiron-17-3793-i5-1035G1/dp/B083QQ25R1/ref=sr_1_130?dchild=1&keywords=laptop+8gb&qid=1607273296&sr=8-130
"ASUS VivoBook F412DA 14"" Laptop - AMD Ryzen 3 3250U 3.5GHz - 1080p 8GB DDR4 RAM 256GB SATA SSD Backlit Chiclet Keyboard Windows 10",$500.00,4.2 out of 5 stars,19,https://www.amazon.com/ASUS-VivoBook-F412DA-14-Laptop/dp/B08FBNNPTZ/ref=sr_1_132?dchild=1&keywords=laptop+8gb&qid=1607273296&sr=8-132
"Google Pixelbook (i7, 16 GB RAM, 512 GB) (Renewed)","$1,099.99",4.0 out of 5 stars,10,https://www.amazon.com/gp/slredirect/picassoRedirect.html/ref=pa_sp_btf_aps_sr_pg8_1?ie=UTF8&adId=A03514081PJ4L9YS65VI0&url=%2FGoogle-Pixelbook-RAM-512-Renewed%2Fdp%2FB07CNF6MYK%2Fref%3Dsr_1_133_sspa%3Fdchild%3D1%26keywords%3Dlaptop%2B8gb%26qid%3D1607273296%26sr%3D8-133-spons%26psc%3D1&qualifier=1607273296&id=4559248681636141&widgetName=sp_btf
"USB Flash Drive 8GB 10Packs - USB 2.0 Thumb Drive Bulk, USB Memory Stick for Computer/Laptop/External Data Storage, USB Stick, Pen Drive, Jump Drive for Photo/Video, Metal Swivel Design - U505",$16.99,4.6 out of 5 stars,786,https://www.amazon.com/gp/slredirect/picassoRedirect.html/ref=pa_sp_btf_aps_sr_pg8_1?ie=UTF8&adId=A0607949VHR6FB3ODH4A&url=%2FUSB-Flash-Drive-8GB-10Packs%2Fdp%2FB084ZF8NJ7%2Fref%3Dsr_1_134_sspa%3Fdchild%3D1%26keywords%3Dlaptop%2B8gb%26qid%3D1607273296%26sr%3D8-134-spons%26psc%3D1&qualifier=1607273296&id=4559248681636141&widgetName=sp_btf
"Digifast Ace 1TB M.2 NVMe SSD, PCIe Gen 3x4 M.2 2280 Solid State Drive with Read 3470 MB/s, Write 3000 MB/s",$155.99,4.2 out of 5 stars,11,https://www.amazon.com/gp/slredirect/picassoRedirect.html/ref=pa_sp_atf_next_aps_sr_pg9_1?ie=UTF8&adId=A01351083328USSOO496P&url=%2FDigifast-Solid-State-Drive-Toshiba%2Fdp%2FB07PW492Q7%2Fref%3Dsr_1_129_sspa%3Fdchild%3D1%26keywords%3Dlaptop%2B8gb%26qid%3D1607273307%26sr%3D8-129-spons%26psc%3D1&qualifier=1607273307&id=508171838547528&widgetName=sp_atf_next
TEAMGROUP Elite DDR3 16GB Kit (2 x 8GB) 1600MHz (PC3-12800) CL11 Unbuffered Non-ECC 1.5V UDIMM 240 Pin PC Computer Desktop Memory Module Ram Upgrade - TED316G1600C11DC01-16GB Kit (2 x 8GB),$48.99,4.7 out of 5 stars,"1,678",https://www.amazon.com/gp/slredirect/picassoRedirect.html/ref=pa_sp_atf_next_aps_sr_pg9_1?ie=UTF8&adId=A01847652Y14EMO1OX54S&url=%2FTeam-Elite-1600Mhz-System-Memory%2Fdp%2FB00FAY0S08%2Fref%3Dsr_1_130_sspa%3Fdchild%3D1%26keywords%3Dlaptop%2B8gb%26qid%3D1607273307%26sr%3D8-130-spons%26psc%3D1&qualifier=1607273307&id=508171838547528&widgetName=sp_atf_next
"ASUS VivoBook F412DA 14"" Laptop - AMD Ryzen 3 3250U 3.5GHz - 1080p 8GB DDR4 RAM 256GB SATA SSD Backlit Chiclet Keyboard Windows 10",$500.00,4.2 out of 5 stars,19,https://www.amazon.com/ASUS-VivoBook-F412DA-14-Laptop/dp/B08FBNNPTZ/ref=sr_1_131?dchild=1&keywords=laptop+8gb&qid=1607273307&sr=8-131
"2020 Newest Premium Flagship HP Pavilion 14 Inch Laptop (Intel Core i3-7100U 2.4GHz, 8GB RAM, 256GB SSD, 802.11b|g|n, Bluetooth, HDMI, USB Type-C, Windows 10)",$543.99,4.1 out of 5 stars,8,https://www.amazon.com/Flagship-HP-Pavilion-i3-7100U-Bluetooth/dp/B07SRMKGQ4/ref=sr_1_133?dchild=1&keywords=laptop+8gb&qid=1607273307&sr=8-133
"HP 15-dy1036nr 10th Gen Intel Core i5-1035G1, 15.6-Inch FHD Laptop, Natural Silver",$628.50,4.5 out of 5 stars,"1,445",https://www.amazon.com/HP-15-Inch-i5-1035G1-Solid-State-15-dy1036nr/dp/B085B5SXLY/ref=sr_1_135?dchild=1&keywords=laptop+8gb&qid=1607273307&sr=8-135
"LG Gram Laptop - 14"" Full HD IPS Display, Intel 10th Gen Core i5-1035G7 CPU, 8GB RAM, 256GB M.2 NVMe SSD, Thunderbolt 3, 18.5 Hour Battery Life - 14Z90N (2020) (14Z90N-U.ARW5U1)",$846.99,4.5 out of 5 stars,90,https://www.amazon.com/LG-Gram-Laptop-i5-1035G7-Thunderbolt/dp/B082XQWNPY/ref=sr_1_136?dchild=1&keywords=laptop+8gb&qid=1607273307&sr=8-136
"Lenovo IdeaPad L340 Gaming Laptop, 15.6"" FHD, Intel Core i5-9300HF up to 4.10 GHz, NVIDIA GTX 1650, 8GB RAM, 256GB SSD, Backlit KB, Ethernet, Keypad, Webcam, Myrtix HDMI Cable, Win 10",$798.99,,,https://www.amazon.com/Lenovo-IdeaPad-i5-9300HF-Backlit-Ethernet/dp/B08P27H4FJ/ref=sr_1_137?dchild=1&keywords=laptop+8gb&qid=1607273307&sr=8-137
"1080P HD Webcam with Microphone, Plug and Play USB Desktop Laptop Computer Camera with Auto Light Correction for Windows Mac OS, for Video Streaming, Zoom Meeting, Conference, Gaming, Streaming",$39.99,5.0 out of 5 stars,1,https://www.amazon.com/gp/slredirect/picassoRedirect.html/ref=pa_sp_mtf_aps_sr_pg9_1?ie=UTF8&adId=A02423602PJJMRH3X8BM0&url=%2FMicrophone-Computer-Correction-Streaming-Conference%2Fdp%2FB08HH9V5NB%2Fref%3Dsr_1_139_sspa%3Fdchild%3D1%26keywords%3Dlaptop%2B8gb%26qid%3D1607273307%26sr%3D8-139-spons%26psc%3D1&qualifier=1607273307&id=508171838547528&widgetName=sp_mtf
"HD Webcam with Microphone, Auto Focus 1080p Webcam with Privacy Cover, USB Laptop Desktop Computer Webcam for Video Calling,Recording, Conferencing Streaming,Plug and Play, for Zoom YouTube Skype",$55.99,5.0 out of 5 stars,2,https://www.amazon.com/gp/slredirect/picassoRedirect.html/ref=pa_sp_mtf_aps_sr_pg9_1?ie=UTF8&adId=A0242672MFRATSM7GH9D&url=%2FMicrophone-Computer-Recording-Conferencing-Streaming%2Fdp%2FB08HGPKPXF%2Fref%3Dsr_1_140_sspa%3Fdchild%3D1%26keywords%3Dlaptop%2B8gb%26qid%3D1607273307%26sr%3D8-140-spons%26psc%3D1&qualifier=1607273307&id=508171838547528&widgetName=sp_mtf
"Acer Swift 3 14"" Laptop: Ryzen 5 4500U, 512GB PCIe SSD, 8GB RAM",$599.99,4.3 out of 5 stars,13,https://www.amazon.com/Acer-Swift-14-Laptop-Ryzen/dp/B08DXSD1SX/ref=sr_1_141?dchild=1&keywords=laptop+8gb&qid=1607273307&sr=8-141
"2020_Lenovo_IdeaPad 3 15.6"" FHD Laptop, Intel 10th Gen Core i3-1005G1, 8GB Memory, 256GB PCIe SSD, Webcam, 802.11ac WiFi, HDMI, Bluetooth, Win10, w/Santax Accessory",$479.00,,,https://www.amazon.com/2020_Lenovo_IdeaPad-i3-1005G1-802-11ac-Bluetooth-Accessory/dp/B08M6HTSVX/ref=sr_1_143?dchild=1&keywords=laptop+8gb&qid=1607273307&sr=8-143
"Acer Nitro 5 AN515-54-51M5-15.6"" - i5-9300H - NVIDIA GTX 1650-8GB - 1TB HDD+128GB SSD, Black",$789.00,4.8 out of 5 stars,256,https://www.amazon.com/Acer-Nitro-AN515-54-51M5-15-6-i5-9300H-1650-8GB/dp/B07RJQKZ2G/ref=sr_1_144?dchild=1&keywords=laptop+8gb&qid=1607273307&sr=8-144
"2020 HP 15.6"" Touchscreen Laptop Computer/ 10th Gen Intel Quard-Core i5 1035G1 up to 3.6GHz/ 8GB DDR4 RAM/ 512GB PCIe SSD/ 802.11ac WiFi/ Bluetooth 4.2/ USB 3.1 Type-C/ HDMI/ Silver/ Windows 10 Home",$675.00,4.5 out of 5 stars,277,https://www.amazon.com/HP-Touchscreen-Computer-Quard-Core-Bluetooth/dp/B082LPQRTZ/ref=sr_1_148?dchild=1&keywords=laptop+8gb&qid=1607273307&sr=8-148
"Dell XPS 13 9380 13.3"" Laptop - Intel Core i5-8265U; 8GB RAM; 256GB Solid State Drive; Intel UHD 620 (Renewed)",$799.00,,,https://www.amazon.com/gp/slredirect/picassoRedirect.html/ref=pa_sp_btf_aps_sr_pg9_1?ie=UTF8&adId=A03116973S2VS5WX3T3MP&url=%2FDell-XPS-9380-13-3-Laptop%2Fdp%2FB07XBD8R6D%2Fref%3Dsr_1_149_sspa%3Fdchild%3D1%26keywords%3Dlaptop%2B8gb%26qid%3D1607273307%26sr%3D8-149-spons%26psc%3D1&qualifier=1607273307&id=508171838547528&widgetName=sp_btf
"Dell Inspiron 14 5000 2-in-1 convertible Laptop 14 inch, FHD Touchscreen, AMD Ryzen 7 3700U, 512GB SSD, 8GB RAM, Windows 10 home, Silver , i5485-A711SLV-PUS (Renewed)",$629.00,5.0 out of 5 stars,1,https://www.amazon.com/gp/slredirect/picassoRedirect.html/ref=pa_sp_btf_aps_sr_pg9_1?ie=UTF8&adId=A0090721307LQQIUAN9YZ&url=%2FDell-Inspiron-convertible-Touchscreen-i5485-A711SLV-PUS%2Fdp%2FB0881XMQJ3%2Fref%3Dsr_1_150_sspa%3Fdchild%3D1%26keywords%3Dlaptop%2B8gb%26qid%3D1607273307%26sr%3D8-150-spons%26psc%3D1%26smid%3DA2MZXE8OBK2W1W&qualifier=1607273307&id=508171838547528&widgetName=sp_btf
"Digifast Ace 512GB M.2 NVMe SSD, PCIe Gen 3x4 M.2 2280 Solid State Drive with Read 3400 MB/s, Write 2100 MB/s",$86.99,4.2 out of 5 stars,11,https://www.amazon.com/gp/slredirect/picassoRedirect.html/ref=pa_sp_atf_next_aps_sr_pg10_1?ie=UTF8&adId=A0134672WEG2GP0YJ9O6&url=%2FDigifast-512GB-Solid-State-Toshiba%2Fdp%2FB07PV68KF2%2Fref%3Dsr_1_145_sspa%3Fdchild%3D1%26keywords%3Dlaptop%2B8gb%26qid%3D1607273314%26sr%3D8-145-spons%26psc%3D1&qualifier=1607273314&id=7318565480908693&widgetName=sp_atf_next
"Voova 15.6 14 15 Inch Laptop Sleeve Case with Handle, Waterproof Computer Cover Bag with Pocket Compatible with 2019 MacBook Pro 16/15, Dell Lenovo HP Asus Acer Samsung Chromebook, Gray",$18.99,4.8 out of 5 stars,"3,897",https://www.amazon.com/gp/slredirect/picassoRedirect.html/ref=pa_sp_atf_next_aps_sr_pg10_1?ie=UTF8&adId=A07829653DGLRTLS8Z3AF&url=%2FVoova-Waterproof-Protective-Compatible-Chromebook%2Fdp%2FB01M7TKLZD%2Fref%3Dsr_1_146_sspa%3Fdchild%3D1%26keywords%3Dlaptop%2B8gb%26qid%3D1607273314%26sr%3D8-146-spons%26psc%3D1&qualifier=1607273314&id=7318565480908693&widgetName=sp_atf_next
"2020 Lenovo Yoga C740 14"" FHD IPS Touchscreen Premium 2-in-1 Laptop, 10th Gen Intel Quad Core i5-10210U, 8GB RAM, 256GB PCIe SSD, Backlit Keyboard, Fingerprint Reader, Windows 10, Aluminum Chassis",$661.99,3.3 out of 5 stars,8,https://www.amazon.com/Lenovo-Touchscreen-i5-10210U-Keyboard-Fingerprint/dp/B08BNZ5NTG/ref=sr_1_147?dchild=1&keywords=laptop+8gb&qid=1607273314&sr=8-147
"Apple MacBook Air MJVE2LL/A 13-inch Laptop 1.6GHz Core i5,4GB RAM,128GB SSD (Renewed)",$558.98,4.2 out of 5 stars,592,https://www.amazon.com/Apple-MacBook-MJVE2LL-13-inch-Refurbished/dp/B013HD3INW/ref=sr_1_148?dchild=1&keywords=laptop+8gb&qid=1607273314&sr=8-148
Dell Inspiron 15.6 Inch HD Touchscreen Flagship High Performance Laptop PC | Intel Core i5-7200U | 8GB Ram | 256GB SSD | Bluetooth | WiFi | Windows 10 (Black),$746.00,4.4 out of 5 stars,534,https://www.amazon.com/Dell-Inspiron-Touchscreen-Performance-Bluetooth/dp/B079ZJLMJN/ref=sr_1_150?dchild=1&keywords=laptop+8gb&qid=1607273314&sr=8-150
"2019 Lenovo Ideapad L340 Gaming Laptop, 15.6"" FHD IPS Display, 9th Gen Intel 4-Core i5-9300H Upto 4.1GHz, 8GB RAM, 256GB SSD, NVIDIA GeForce GTX 1650 4GB, Backlit Keyboard, USB-C, Windows 10",$680.66,,,https://www.amazon.com/Lenovo-Ideapad-Display-i5-9300H-Keyboard/dp/B07XL18QSS/ref=sr_1_151?dchild=1&keywords=laptop+8gb&qid=1607273314&sr=8-151
"Lenovo IdeaPad 3 14"" FHD Anti-Glare Laptop, AMD Quad-Core Ryzen 5 3500U, 8GB DDR4, 256GB NVMe SSD, AMD Radeon Vega 8, 4-in-1 Card Reader, Webcam, Bluetooth, HDMI, Windows 10 w/ Accessory, Abyss Blue",$549.00,,,https://www.amazon.com/Lenovo-IdeaPad-Anti-Glare-Quad-Core-Bluetooth/dp/B08GJSH9PX/ref=sr_1_152?dchild=1&keywords=laptop+8gb&qid=1607273314&sr=8-152
"Acer Aspire 5 Laptop, 15.6” Full HD Screen, AMD Ryzen 5-3500U Processor up to 3.7GHz, 8GB RAM, 512GB PCIe SSD, Webcam, Wireless-AC, Bluetooth, HDMI, Win 10 Home",$589.00,5.0 out of 5 stars,2,https://www.amazon.com/Acer-5-3500U-Processor-Wireless-AC-Bluetooth/dp/B08HPJV3CG/ref=sr_1_153?dchild=1&keywords=laptop+8gb&qid=1607273314&sr=8-153
"Kids Tablet PC, Veidoo Premium 7 inch Android Tablet PC, 1GB/16GB, Safety Eye Protection Screen, Parental Control APP, Best Gifts for Kids (Blue)",$57.99,3.8 out of 5 stars,960,https://www.amazon.com/gp/slredirect/picassoRedirect.html/ref=pa_sp_mtf_aps_sr_pg10_1?ie=UTF8&adId=A02241001H6MAAYZABPV2&url=%2FVeidoo-Protection-Pre-Installed-Educational-Children%2Fdp%2FB07PFZ75H9%2Fref%3Dsr_1_155_sspa%3Fdchild%3D1%26keywords%3Dlaptop%2B8gb%26qid%3D1607273314%26sr%3D8-155-spons%26psc%3D1&qualifier=1607273314&id=7318565480908693&widgetName=sp_mtf
"Gigastone 64GB 5-Pack Micro SD Card, Camera Plus, Nintendo Switch Compatible, High Speed 95MB/s, 4K Video Recording, Micro SDXC UHS-I A1 Class 10",$38.98,4.7 out of 5 stars,"4,706",https://www.amazon.com/gp/slredirect/picassoRedirect.html/ref=pa_sp_mtf_aps_sr_pg10_1?ie=UTF8&adId=A063605418Q9SI8759GRF&url=%2FGigastone-64GB-U1-C10-Nintendo%2Fdp%2FB07P18ZSCM%2Fref%3Dsr_1_156_sspa%3Fdchild%3D1%26keywords%3Dlaptop%2B8gb%26qid%3D1607273314%26sr%3D8-156-spons%26psc%3D1&qualifier=1607273314&id=7318565480908693&widgetName=sp_mtf
"BMAX 13.3"" Windows 10 Laptop Computer 8GB DDR4 128GB SATA SSD Intel Celeron N3350, Expandable 1TB SSD, HDMI, USB 3.0, 802.11AC WiFi+BT 4.2",$249.00,3.7 out of 5 stars,24,https://www.amazon.com/Windows-Computer-Celeron-Expandable-802-11AC/dp/B08HYFM21Q/ref=sr_1_157?dchild=1&keywords=laptop+8gb&qid=1607273314&sr=8-157
"Acer Spin 3 14"" Laptop - 10th Gen Intel Core i5-1035G1 14"" Widescreen IPS LED-Backlit FHD (1920 x 1080) Display 8 GB RAM 256 GB SSD SP314-54N-58Q7",$629.00,5.0 out of 5 stars,1,https://www.amazon.com/Acer-Spin-Laptop-LED-Backlit-SP314-54N-58Q7/dp/B08HRJC7T4/ref=sr_1_159?dchild=1&keywords=laptop+8gb&qid=1607273314&sr=8-159
"2020_Lenovo IdeaPad 3 15.6"" HD Laptop PC, Intel 10th Gen Core i3 CPU, 8GB DDR4 RAM, 256GB SSD, 32GB External USB Flash Drive, Camera, WiFi, Bluetooth,Windows 10 S Mode - Abyss Blue",$569.00,4.3 out of 5 stars,15,https://www.amazon.com/2020_Lenovo-IdeaPad-External-Bluetooth-Windows/dp/B089YVVVHF/ref=sr_1_160?dchild=1&keywords=laptop+8gb&qid=1607273314&sr=8-160
"ASUS VivoBook 15 Thin and Light Laptop, 15.6” FHD Display, Intel i3-1005G1 CPU, 8GB RAM, 128GB SSD, Backlit Keyboard, Fingerprint, Windows 10 Home in S Mode, Slate Gray, F512JA-AS34 (Renewed)",$459.99,4.5 out of 5 stars,2,https://www.amazon.com/ASUS-VivoBook-i3-1005G1-Fingerprint-F512JA-AS34/dp/B08FQJ7JT2/ref=sr_1_162?dchild=1&keywords=laptop+8gb&qid=1607273314&sr=8-162
"HP EliteBook 840 G6 14"" Notebook - 1920 x 1080 - Core i5 i5-8265U - 8 GB RAM - 256 GB SSD - Windows 10 Pro 64-bit - Intel UHD Graphics 620 - in-Plane Switching (IPS) Technology - English Keyboard",$998.98,4.6 out of 5 stars,5,https://www.amazon.com/HP-EliteBook-840-Notebook-Plane/dp/B07S5M3Y1N/ref=sr_1_163?dchild=1&keywords=laptop+8gb&qid=1607273314&sr=8-163
"Microsoft Surface Laptop 2 (Intel Core i5, 8GB RAM, 256 GB)  - Black",$949.00,4.6 out of 5 stars,102,https://www.amazon.com/Microsoft-Surface-Laptop-Intel-Core/dp/B07K2F1S4N/ref=sr_1_164?dchild=1&keywords=laptop+8gb&qid=1607273314&sr=8-164
"Lenovo ThinkPad X1 Carbon 20QES8X600, 14” Full HD Laptop, i5-8265U, 8GB Ram, 512GB SSD, Win 10 Pro, Black","$1,189.00",4.8 out of 5 stars,6,https://www.amazon.com/gp/slredirect/picassoRedirect.html/ref=pa_sp_btf_aps_sr_pg10_1?ie=UTF8&adId=A10464003BFPW63NLX77L&url=%2FLenovo-ThinkPad-X1-20QES8X600-i5-8265U%2Fdp%2FB08CRY5ZZ4%2Fref%3Dsr_1_165_sspa%3Fdchild%3D1%26keywords%3Dlaptop%2B8gb%26qid%3D1607273314%26sr%3D8-165-spons%26psc%3D1&qualifier=1607273314&id=7318565480908693&widgetName=sp_btf
"New_Dell_Inspiron_15 3000 Laptop, Intel Celeron 4205U Processor (1.8 GHz), 4GB Memory, 128GB SSD, HDMI, SD Card Reader, Bluetooth, Camera, USB Type-C, Windows 10 S w/ Santex Pro Accessory",$379.00,,,https://www.amazon.com/gp/slredirect/picassoRedirect.html/ref=pa_sp_btf_aps_sr_pg10_1?ie=UTF8&adId=A08855921ARBBLWRYEXK4&url=%2FNew_Dell_Inspiron_15-Celeron-Processor-Bluetooth-Accessory%2Fdp%2FB08KWPW9TS%2Fref%3Dsr_1_166_sspa%3Fdchild%3D1%26keywords%3Dlaptop%2B8gb%26qid%3D1607273314%26sr%3D8-166-spons%26psc%3D1&qualifier=1607273314&id=7318565480908693&widgetName=sp_btf
